username,password_hash
admin,fefe3dbf7173a5668a088eee4bd0e7160f48d69632b8b109fbbef9d6caa44ba284feb88a56f0ab5e29f1f38cab3291e7
user1,56e6cbab65444cf91bd77789e9c7209ee53f40c2f2cfe439b2faaa024921a72e1cbbc6a3a1a3e9eb01ef5e09d775bc4e
analyst,8e6236f6a9ad9a25889e6ab130b06d16c5841f72738167d39c3ba6f9f968739db39f5c1219c19e434d399976fae37fde
tech,a85c1e6994d9a0c2ea3de2f9dbb0bf66d438dc0943cbec1a45abd6c639c49af25c2666f69b5b5c82519c4eab184ec351
guest,412b06bc3fa84fd52e52f07a41ca33d8a1b07d7583efb14345b1a7da4deb7762708c59ce634059c8574facf748b9ddfd
lead,3b6cd28899b2dbfc77d68d716ef577c7c441c02e4eb021a33d3dea1412dd09149569af8030880e45938687e64781c95d
audit,acb2d539a445538b34703e94bc5d23fd05a18cab76c5eeaa555dc7554cb2f2ebd962b59bd55c87de271b1720843cbcfe
dev,31bfa7ab469320cbf77276dc90dd40775e5e7fe65a0f85b0a2a5dbdcaf833e3b4eff633c15a18d2b806658cf645925d1
manager,5928c8c3f6ae138e225a2fe991f622a79dd9b7e5f0f7ca35ebea436e6dd6740df914f1480561c308f9a9c1652e45b050
support,f5c613e8da67df9957385ed2c8fe634b7544a17965d686c44669ad214a97f9b21093955ed0e230bdc718a1030fbb6f38
